Resource ,Map,Source Property 1,Source Value 1,Source Display 1,Source Property 2,Source Value 2,Target Property 1,Target Value 1,Target Display 1,Target System 1,Match,Status,Note
AllergyIntolerance,FC_AllergyIntoleranceCategory,type,allergy,,category,food,value CONF:1098-16312,414285001,Allergy to food (finding),2.16.840.1.113883.6.96,Match,,
AllergyIntolerance,FC_AllergyIntoleranceCategory,type,allergy,,category,medication,value CONF:1098-16312,416098002,Allergy to drug (finding),2.16.840.1.113883.6.96,Match,,
AllergyIntolerance,FC_AllergyIntoleranceCategory,type,allergy,,category,environment,value CONF:1098-16312,419199007,Allergy to substance (finding),2.16.840.1.113883.6.96,Broader,,
AllergyIntolerance,FC_AllergyIntoleranceCategory,type,allergy,,category,biologic,value CONF:1098-16312,419199007,Allergy to substance (finding),2.16.840.1.113883.6.96,Broader,,
AllergyIntolerance,FC_AllergyIntoleranceCategory,type,intolerance,,category,food,value CONF:1098-16312,235719002,Intolerance to food (finding),2.16.840.1.113883.6.96,Match,,
AllergyIntolerance,FC_AllergyIntoleranceCategory,type,intolerance,,category,medication,value CONF:1098-16312,59037007,Intolerance to drug (finding),2.16.840.1.113883.6.96,Match,,
AllergyIntolerance,FC_AllergyIntoleranceCategory,type,intolerance,,category,environment,value CONF:1098-16312,782197009,Intolerance to substance (finding),2.16.840.1.113883.6.96,Broader,,
AllergyIntolerance,FC_AllergyIntoleranceCategory,type,intolerance,,category,biologic,value CONF:1098-16312,782197009,Intolerance to substance (finding),2.16.840.1.113883.6.96,Broader,,
AllergyIntolerance,FC_AllergyIntoleranceCategory,type,null,,category,food,value CONF:1098-16312,418471000,Propensity to adverse reactions to food (finding),2.16.840.1.113883.6.96,Match,,
AllergyIntolerance,FC_AllergyIntoleranceCategory,type,null,,category,medication,value CONF:1098-16312,419511003,Propensity to adverse reactions to drug (finding),2.16.840.1.113883.6.96,Match,,
AllergyIntolerance,FC_AllergyIntoleranceCategory,type,null,,category,environment,value CONF:1098-16312,418038007,Propensity to adverse reactions to substance (finding),2.16.840.1.113883.6.96,Broader,,
AllergyIntolerance,FC_AllergyIntoleranceCategory,type,null,,category,biologic,value CONF:1098-16312,418038007,Propensity to adverse reactions to substance (finding),2.16.840.1.113883.6.96,Broader,,
AllergyIntolerance,FC_AllergyIntoleranceCategory,type,allergy,,category,null,value CONF:1098-16312,419199007,Allergy to substance (finding),2.16.840.1.113883.6.96,Match,,
AllergyIntolerance,FC_AllergyIntoleranceCategory,type,intolerance,,category,null,value CONF:1098-16312,782197009,Intolerance to substance (finding),2.16.840.1.113883.6.96,Match,,
AllergyIntolerance,FC_AllergyIntoleranceCategory,type,null,,category,null,value CONF:1098-16312,418038007,Propensity to adverse reactions to substance (finding),2.16.840.1.113883.6.96,Match,,
AllergyIntolerance,FC_AllergyIntoleranceClinicalStatus,clinicalStatus,active,,,,value CONF:1198-7322,55561003,Active (qualifier value),2.16.840.1.113883.6.96,Match,validated,
AllergyIntolerance,FC_AllergyIntoleranceClinicalStatus,clinicalStatus,inactive,,,,value CONF:1198-7322,73425007,Inactive (qualifier value),2.16.840.1.113883.6.96,Match,validated,
AllergyIntolerance,FC_AllergyIntoleranceClinicalStatus,clinicalStatus,resolved,,,,value CONF:1198-7322,413322009,Problem resolved (finding),2.16.840.1.113883.6.96,Match,validated,
AllergyIntolerance,FC_AllergyIntoleranceCriticality,criticality,high risk,,,,value CONF: 81-32928,CRITH,high criticality,2.16.840.1.113883.5.1063,Match,validated,
AllergyIntolerance,FC_AllergyIntoleranceCriticality,criticality,low risk,,,,value CONF: 81-32928,CRITL,low criticality,2.16.840.1.113883.5.1063,Match,validated,
AllergyIntolerance,FC_AllergyIntoleranceCriticality,criticality,unable to assess,,,,value CONF: 81-32928,CRITU,unable to assess criticality,2.16.840.1.113883.5.1063,Match,validated,
AllergyIntolerance,FC_AllergyIntoleranceSeverity,severity,mild,,,,value CONF:1098-7356,255604002,Mild (qualifier value),2.16.840.1.113883.6.96,Match,validated,
AllergyIntolerance,FC_AllergyIntoleranceSeverity,severity,moderate,,,,value CONF:1098-7356,255604002,Moderate (Severity modifier) (qualifier value),2.16.840.1.113883.6.96,Match,validated,
AllergyIntolerance,FC_AllergyIntoleranceSeverity,severity,severe,,,,value CONF:1098-7356,24484000,Severe (severity modifier) (qualifier value),2.16.840.1.113883.6.96,Match,validated,
Immunization,FC_ImmunizationStatus,Status,completed,,,,statusCode CONF:1198-32359,completed,completed,2.16.840.1.113883.5.14,Match,validated,
Immunization,FC_ImmunizationStatus,Status,not done,,,,statusCode CONF:1198-32359,cancelled,cancelled,2.16.840.1.113883.5.14,Match,validated,
Immunization,FC_ImmunizationStatus,Status,entered in error,,,,statusCode CONF:1198-32359,nullified,nullified,2.16.840.1.113883.5.14,Broader,validated,
Immunization,FC_ImmunizationStatusReasonCodes,StatusReason,171257003 (No consent - Tetanus/low dose diphtheria vaccine),,,,code CONF:81-8995,PATOBJ,patient objection,2.16.840.1.113883.5.8,Broader,proposal,
Immunization,FC_ImmunizationStatusReasonCodes,StatusReason,171265000 (Pertussis vaccine refused),,,,code CONF:81-8995,PATOBJ,patient objection,2.16.840.1.113883.5.8,Broader,proposal,
Immunization,FC_ImmunizationStatusReasonCodes,StatusReason,171266004(No consent - diphtheria immunization),,,,code CONF:81-8995,PATOBJ,patient objection,2.16.840.1.113883.5.8,Broader,proposal,
Immunization,FC_ImmunizationStatusReasonCodes,StatusReason,171267008 (No consent - tetanus immunization),,,,code CONF:81-8995,PATOBJ,patient objection,2.16.840.1.113883.5.8,Broader,proposal,
Immunization,FC_ImmunizationStatusReasonCodes,StatusReason,171268003 (Polio immunization refused),,,,code CONF:81-8995,PATOBJ,patient objection,2.16.840.1.113883.5.8,Broader,proposal,
Immunization,FC_ImmunizationStatusReasonCodes,StatusReason,171269006 (No consent - measles immunization),,,,code CONF:81-8995,PATOBJ,patient objection,2.16.840.1.113883.5.8,Broader,proposal,
Immunization,FC_ImmunizationStatusReasonCodes,StatusReason,171270007 (No consent - rubella immunization),,,,code CONF:81-8995,PATOBJ,patient objection,2.16.840.1.113883.5.8,Broader,proposal,
Immunization,FC_ImmunizationStatusReasonCodes,StatusReason,171271006 (No consent - BCG),,,,code CONF:81-8995,PATOBJ,patient objection,2.16.840.1.113883.5.8,Broader,proposal,
Immunization,FC_ImmunizationStatusReasonCodes,StatusReason,171272004 (No consent - influenza immunization),,,,code CONF:81-8995,PATOBJ,patient objection,2.16.840.1.113883.5.8,Broader,proposal,
Immunization,FC_ImmunizationStatusReasonCodes,StatusReason,171280006(No consent for MMR),,,,code CONF:81-8995,PATOBJ,patient objection,2.16.840.1.113883.5.8,Broader,proposal,
Immunization,FC_ImmunizationStatusReasonCodes,StatusReason,171283008 (No consent for any primary immunization),,,,code CONF:81-8995,PATOBJ,patient objection,2.16.840.1.113883.5.8,Broader,proposal,
Immunization,FC_ImmunizationStatusReasonCodes,StatusReason,171285001(No consent - pre-school vaccinations),,,,code CONF:81-8995,PATOBJ,patient objection,2.16.840.1.113883.5.8,Broader,proposal,
Immunization,FC_ImmunizationStatusReasonCodes,StatusReason,171286000 (No consent - school exit vaccinations),,,,code CONF:81-8995,PATOBJ,patient objection,2.16.840.1.113883.5.8,Broader,proposal,
Immunization,FC_ImmunizationStatusReasonCodes,StatusReason,171291004 (No consent - Haemophilus influenzae type B immunization),,,,code CONF:81-8995,PATOBJ,patient objection,2.16.840.1.113883.5.8,Broader,proposal,
Immunization,FC_ImmunizationStatusReasonCodes,StatusReason,171292006 (No consent pneumococcal immunization),,,,code CONF:81-8995,PATOBJ,patient objection,2.16.840.1.113883.5.8,Broader,proposal,
Immunization,FC_ImmunizationStatusReasonCodes,StatusReason,171293001(No consent for MR - Measles/rubella vaccine),,,,code CONF:81-8995,PATOBJ,patient objection,2.16.840.1.113883.5.8,Broader,proposal,
Immunization,FC_ImmunizationStatusReasonCodes,StatusReason,268559007(No consent for any immunization),,,,code CONF:81-8995,PATOBJ,patient objection,2.16.840.1.113883.5.8,Broader,proposal,
Immunization,FC_ImmunizationStatusReasonCodes,StatusReason,310839003 (No consent for MMR1),,,,code CONF:81-8995,PATOBJ,patient objection,2.16.840.1.113883.5.8,Broader,proposal,
Immunization,FC_ImmunizationStatusReasonCodes,StatusReason,"310840001 (No consent for second measles, mumps and rubella vaccine)",,,,code CONF:81-8995,PATOBJ,patient objection,2.16.840.1.113883.5.8,Broader,proposal,
Immunization,FC_ImmunizationStatusReasonCodes,StatusReason,"314768003 (No consent diphtheria, tetanus, pertussis immunization)",,,,code CONF:81-8995,PATOBJ,patient objection,2.16.840.1.113883.5.8,Broader,proposal,
Immunization,FC_ImmunizationStatusReasonCodes,StatusReason,314769006 (No consent tetanus plus diphtheria immunization),,,,code CONF:81-8995,PATOBJ,patient objection,2.16.840.1.113883.5.8,Broader,proposal,
Immunization,FC_ImmunizationStatusReasonCodes,StatusReason,314936001 (No consent for meningitis C immunization),,,,code CONF:81-8995,PATOBJ,patient objection,2.16.840.1.113883.5.8,Broader,proposal,
Immunization,FC_ImmunizationStatusReasonCodes,StatusReason,407598009 (No consent for 3rd HIB booster),,,,code CONF:81-8995,PATOBJ,patient objection,2.16.840.1.113883.5.8,Broader,proposal,
Immunization,FC_ImmunizationSite,site,LA left arm,,,,approachSiteCode CONF:1198-8840,368208006,Left upper arm structure (body structure),2.16.840.1.113883.6.96,Match,Proposed,
Immunization,FC_ImmunizationSite,site,RA right arm,,,,approachSiteCode CONF:1198-8840,368209003,Right upper arm structure (body structure),2.16.840.1.113883.6.96,Match,Proposed,
Immunization,FC_ImmunizationStatus,Status,completed,,,,statusCode CONF:1198-32359,completed,completed,,Match,validated,
Immunization,FC_ImmunizationStatus,Status,entered-in-error,,,,statusCode CONF:1198-32359,nullified,nullified,,Match,validated,
Immunization,FC_ImmunizationStatus,Status,not-done,,,,statusCode CONF:1198-32359,completed,completed,,Match,validated,
Patient,FC_Gender,gender,male,,,,administrativeGenderCode (CONF:1198-6394),M,male,2.16.840.1.113883.5.1,Match,,
Patient,FC_Gender,gender,female,,,,administrativeGenderCode (CONF:1198-6394),F,female,2.16.840.1.113883.5.1,Match,,
Patient,FC_Gender,gender,other,,,,administrativeGenderCode (CONF:1198-6394),OTH,other,2.16.840.1.113883.5.1008,Match,,
Patient,FC_Gender,gender,unknown,,,,administrativeGenderCode (CONF:1198-6394),UNK,unknown,2.16.840.1.113883.5.1008,Match,,
Condition,FC_ConditionClinicalStatus,clinicalStatus,active,,,,value,55561003,Active (qualifier value),2.16.840.1.113883.6.96,,,
Condition,FC_ConditionClinicalStatus,clinicalStatus,recurrence,,,,value,246455001,Recurrence (qualifier value),2.16.840.1.113883.6.96,,,
Condition,FC_ConditionClinicalStatus,clinicalStatus,relapse,,,,value,263855007,Relapse phase (qualifier value),2.16.840.1.113883.6.96,,,
Condition,FC_ConditionClinicalStatus,clinicalStatus,inactive,,,,value,73425007,Inactive (qualifier value),2.16.840.1.113883.6.96,,,
Condition,FC_ConditionClinicalStatus,clinicalStatus,remission,,,,value,277022003,Remission phase (qualifier value),2.16.840.1.113883.6.96,,,
Condition,FC_ConditionClinicalStatus,clinicalStatus,resolved,,,,value,413322009,Problem resolved (finding),2.16.840.1.113883.6.96,,,
MedicationRequest,FC_MedicationStatus,status,active,,,,statusCode,active,active,2.16.840.1.113883.5.14,broader,,
MedicationRequest,FC_MedicationStatus,status,on-hold,,,,statusCode,suspended,suspended,2.16.840.1.113883.5.14,match,question,
MedicationRequest,FC_MedicationStatus,status,cancelled,,,,statusCode,aborted,aborted,2.16.840.1.113883.5.14,broader,,
MedicationRequest,FC_MedicationStatus,status,completed,,,,statusCode,completed,completed,2.16.840.1.113883.5.14,match,,
MedicationRequest,FC_MedicationStatus,status,entered-in-error,,,,statusCode,nullified,nullified,2.16.840.1.113883.5.14,match,,
MedicationRequest,FC_MedicationStatus,status,stopped,,,,statusCode,aborted,aborted,2.16.840.1.113883.5.14,broader,,
MedicationRequest,FC_MedicationStatus,status,draft,,,,statusCode,<not supported>,<not supported>,2.16.840.1.113883.5.14,broader,question,
MedicationRequest,FC_MedicationMood,status,active,,,,mooodCode ,INT,,2.16.840.1.113883.5.1001,broader,,
MedicationRequest,FC_MedicationMood,status,on-hold,,,,mooodCode ,INT,,2.16.840.1.113883.5.1001,broader,,
MedicationRequest,FC_MedicationMood,status,cancelled,,,,mooodCode ,EVN,,2.16.840.1.113883.5.1001,broader,,
MedicationRequest,FC_MedicationMood,status,completed,,,,mooodCode ,EVN,,2.16.840.1.113883.5.1001,broader,,
MedicationRequest,FC_MedicationMood,status,entered-in-error,,,,mooodCode ,EVN,,2.16.840.1.113883.5.1001,broader,,
MedicationRequest,FC_MedicationMood,status,stopped,,,,mooodCode ,EVN,,2.16.840.1.113883.5.1001,broader,,
MedicationRequest,FC_MedicationMood,status,draft,,,,mooodCode ,<not supported>,<not supported>,2.16.840.1.113883.5.1001,broader,,
HumanName,FC_NameUse,use,usual,,,,<not supported>,,,,,,
HumanName,FC_NameUse,use,official,,,,Entity Name use,L,Legal,,,,
HumanName,FC_NameUse,use,temp,,,,<not supported>,,,,,,
HumanName,FC_NameUse,use,nickname,,,,Entity Name Part qualifier,CL,Call me,,,,
HumanName,FC_NameUse,use,anonymous,,,,<not supported>,,,,,,
HumanName,FC_NameUse,use,old,,,,<not supported>,,,,,,
HumanName,FC_NameUse,use,maiden,,,,Entity Name Part qualifier,BR,Birth,,,,
Patient,FC_Address,Use,home,,,,AddressUse,H,Primary Home,,,Is this the same as the mappings would be for address type?,
Patient,FC_Address,Use,work,,,,AddressUse,WP,work place,,,,
Patient,FC_Address,Use,temporary,,,,AddressUse,TMP,temporary address,,,,
Patient,FC_Address,Use,old,,,,AddressUse,BAD,bad address,,,,
Patient,FC_Address,Use,billing,,,,AddressUse,<not supported>,<not supported>,,,,
,FC_PatientContactRelationship,type,Emergency Contact,,,,ParticipantClassCode,ECON,emergency contact,,,"Not sure if this is the appropriate CDA valueset, but if it is, I can't find anything that maps.",
,FC_PatientContactRelationship,type,Employer,,,,ParticipantClassCode,<not supported>,<not supported>,,,,
,FC_PatientContactRelationship,type,Federal Agency,,,,ParticipantClassCode,<not supported>,<not supported>,,,,
,FC_PatientContactRelationship,type,Insurance Company,,,,ParticipantClassCode,<not supported>,<not supported>,,,,
,FC_PatientContactRelationship,type,Next-of-Kin,,,,ParticipantClassCode,NOK,next of kin,,,,
,FC_PatientContactRelationship,type,State Agency,,,,ParticipantClassCode,<not supported>,<not supported>,,,,
,FC_PatientContactRelationship,type,Unknown,,,,nullflavor,UNK,unknown,,,,
,FC_ProcedureStatus,Event status,Preparation,,,,ActStatus,active,active,,,,
,FC_ProcedureStatus,Event status,in-progress,,,,ActStatus,active,active,,,,
,FC_ProcedureStatus,Event status,not-done,,,,ActStatus,cancelled,cancelled,,,,"question; no ""never planned""?"
,FC_ProcedureStatus,Event status,on-hold,,,,ActStatus,<not supported>,,,,,
,FC_ProcedureStatus,Event status,stopped,,,,ActStatus,aborted,aborted,,,,
,FC_ProcedureStatus,Event status,completed,,,,ActStatus,completed,completed,,,,
,FC_ProcedureStatus,Event status,entered-in-error,,,,ActStatus,<not supported>,,,,,
,FC_ProcedureStatus,Event status,unknown,,,,ActStatus,<not supported>,,,,,
MedicationRequest,FC_RouteOfAdministration,route,766790006,Extracorporeal hemodialysis route (qualifier value),,,,C38200,Administration via Hemodialysis,2.16.840.1.113883.3.26.1.1,,,
MedicationRequest,FC_RouteOfAdministration,route,54471007,Buccal route (qualifier value),,,,C38193,Buccal Route of Administration,2.16.840.1.113883.3.26.1.1,,,
MedicationRequest,FC_RouteOfAdministration,route,446105004,Conjunctival route (qualifier value),,,,C38194,Conjunctival Route of Administration,2.16.840.1.113883.3.26.1.1,,,
MedicationRequest,FC_RouteOfAdministration,route,448598008,Cutaneous route (qualifier value),,,,C38675,Cutaneous Route of Administration,2.16.840.1.113883.3.26.1.1,,,
MedicationRequest,FC_RouteOfAdministration,route,372449004,Dental route (qualifier value),,,,C38197,Dental Route of Administration,2.16.840.1.113883.3.26.1.1,,,
MedicationRequest,FC_RouteOfAdministration,route,372450004,Endocervical route (qualifier value),,,,C38205,Endocervical Route of Administration,2.16.840.1.113883.3.26.1.1,,,
MedicationRequest,FC_RouteOfAdministration,route,372451000,Endosinusial route (qualifier value),,,,C38206,Endosinusial Route of Administration,2.16.840.1.113883.3.26.1.1,,,
MedicationRequest,FC_RouteOfAdministration,route,372452007,Endotracheopulmonary route (qualifier value),,,,C38208,Endotracheal Route of Administration,2.16.840.1.113883.3.26.1.1,,,
MedicationRequest,FC_RouteOfAdministration,route,417985001,Enteral route (qualifier value),,,,C38209,Enteral Route of Administration,2.16.840.1.113883.3.26.1.1,,,
MedicationRequest,FC_RouteOfAdministration,route,404820008,Epidural route (qualifier value),,,,C38210,Epidural Route of Administration,2.16.840.1.113883.3.26.1.1,,,
MedicationRequest,FC_RouteOfAdministration,route,372453002,Extra-amniotic route (qualifier value),,,,C38211,Extraamniotic Route of Administration,2.16.840.1.113883.3.26.1.1,,,
MedicationRequest,FC_RouteOfAdministration,route,718329006,Infiltration route (qualifier value),,,,C38215,Infiltration Route of Administration,2.16.840.1.113883.3.26.1.1,,,
MedicationRequest,FC_RouteOfAdministration,route,429817007,Interstitial route (qualifier value),,,,C38219,Interstitial Route of Administration,2.16.840.1.113883.3.26.1.1,,,
MedicationRequest,FC_RouteOfAdministration,route,419396008,Intraabdominal route (qualifier value),,,,C38220,Intraabdominal Route of Administration,2.16.840.1.113883.3.26.1.1,,,
MedicationRequest,FC_RouteOfAdministration,route,372458006,Intraamniotic route (qualifier value),,,,C38221,Intraamniotic Route of Administration,2.16.840.1.113883.3.26.1.1,,,
MedicationRequest,FC_RouteOfAdministration,route,58100008,Intra-arterial route (qualifier value),,,,C38222,Intraarterial Route of Administration,2.16.840.1.113883.3.26.1.1,,,
MedicationRequest,FC_RouteOfAdministration,route,12130007,Intra-articular route (qualifier value),,,,C38223,Intraarticular Route of Administration,2.16.840.1.113883.3.26.1.1,,,
MedicationRequest,FC_RouteOfAdministration,route,404819002,Intrabiliary route (qualifier value),,,,C38224,Intrabiliary Route of Administration,2.16.840.1.113883.3.26.1.1,,,
MedicationRequest,FC_RouteOfAdministration,route,419778001,Intrabronchial route (qualifier value),,,,C38225,Intrabronchial Route of Administration,2.16.840.1.113883.3.26.1.1,,,
MedicationRequest,FC_RouteOfAdministration,route,372459003,Intrabursal route (qualifier value),,,,C38226,Intrabursal Route of Administration,2.16.840.1.113883.3.26.1.1,,,
MedicationRequest,FC_RouteOfAdministration,route,372460008,Intracardiac route (qualifier value),,,,C38227,Intracardiac Route of Administration,2.16.840.1.113883.3.26.1.1,,,
MedicationRequest,FC_RouteOfAdministration,route,418331006,Intracartilaginous route (qualifier value),,,,C38228,Intracartilaginous Route of Administration,2.16.840.1.113883.3.26.1.1,,,
MedicationRequest,FC_RouteOfAdministration,route,372461007,Intracavernous route (qualifier value),,,,C38230,Intracavernous Route of Administration,2.16.840.1.113883.3.26.1.1,,,
MedicationRequest,FC_RouteOfAdministration,route,446540005,Intracerebral route (qualifier value),,,,C38232,Intracerebral Route of Administration,2.16.840.1.113883.3.26.1.1,,,
MedicationRequest,FC_RouteOfAdministration,route,418608002,Intracorneal route (qualifier value),,,,C38234,Intracorneal Route of Administration,2.16.840.1.113883.3.26.1.1,,,
MedicationRequest,FC_RouteOfAdministration,route,418287000,Intracoronal route (qualifier value),,,,C38217,Intracoronal Dental Route of Administration,2.16.840.1.113883.3.26.1.1,,,
MedicationRequest,FC_RouteOfAdministration,route,372463005,Intracoronary route (qualifier value),,,,C38218,Intracoronary Route of Administration,2.16.840.1.113883.3.26.1.1,,,
MedicationRequest,FC_RouteOfAdministration,route,445769006,Intracorporus cavernosum of penis route (qualifier value),,,,C38235,Intracorporus Cavernosum Route of Administration,2.16.840.1.113883.3.26.1.1,,,
MedicationRequest,FC_RouteOfAdministration,route,418987007,Intracranial route (qualifier value),,,,C38236,Intracranial Route of Administration,2.16.840.1.113883.3.26.1.1,,,
MedicationRequest,FC_RouteOfAdministration,route,372464004,Intradermal route (qualifier value),,,,C38238,Intradermal Route of Administration,2.16.840.1.113883.3.26.1.1,,,
MedicationRequest,FC_RouteOfAdministration,route,372465003,Intradiscal route (qualifier value),,,,C38239,Intradiscal Route of Administration,2.16.840.1.113883.3.26.1.1,,,
MedicationRequest,FC_RouteOfAdministration,route,417989007,Intraductal route (qualifier value),,,,C38240,Intraductal Route of Administration,2.16.840.1.113883.3.26.1.1,,,
MedicationRequest,FC_RouteOfAdministration,route,418887008,Intraduodenal route (qualifier value),,,,C38241,Intraduodenal Route of Administration,2.16.840.1.113883.3.26.1.1,,,
MedicationRequest,FC_RouteOfAdministration,route,445756007,Intradural route (qualifier value),,,,C38242,Intradural Route of Administration,2.16.840.1.113883.3.26.1.1,,,
MedicationRequest,FC_RouteOfAdministration,route,446407004,Intraepicardial route (qualifier value),,,,C79144,Intraepicardial Route of Administration,2.16.840.1.113883.3.26.1.1,,,
MedicationRequest,FC_RouteOfAdministration,route,448077001,Intraepidermal route (qualifier value),,,,C38243,Intraepidermal Route of Administration,2.16.840.1.113883.3.26.1.1,,,
MedicationRequest,FC_RouteOfAdministration,route,445752009,Intraesophageal route (qualifier value),,,,C38245,Intraesophageal Route of Administration,2.16.840.1.113883.3.26.1.1,,,
MedicationRequest,FC_RouteOfAdministration,route,445768003,Intragastric route (qualifier value),,,,C38246,Intragastric Route of Administration,2.16.840.1.113883.3.26.1.1,,,
MedicationRequest,FC_RouteOfAdministration,route,445754005,Intragingival route (qualifier value),,,,C38247,Intragingival Route of Administration,2.16.840.1.113883.3.26.1.1,,,
MedicationRequest,FC_RouteOfAdministration,route,445941009,Intrahepatic route (qualifier value),,,,C38248,Intrahepatic Route of Administration,2.16.840.1.113883.3.26.1.1,,,
MedicationRequest,FC_RouteOfAdministration,route,447026006,Intraileal route (qualifier value),,,,C38249,Intraileal Route of Administration,2.16.840.1.113883.3.26.1.1,,,
MedicationRequest,FC_RouteOfAdministration,route,372466002,Intralesional route (qualifier value),,,,C38250,Intralesional Route of Administration,2.16.840.1.113883.3.26.1.1,,,
MedicationRequest,FC_RouteOfAdministration,route,445913005,Intralingual route (qualifier value),,,,C79138,Intralingual Route of Administration,2.16.840.1.113883.3.26.1.1,,,
MedicationRequest,FC_RouteOfAdministration,route,37737002,Intraluminal route (qualifier value),,,,C38251,Intraluminal Route of Administration,2.16.840.1.113883.3.26.1.1,,,
MedicationRequest,FC_RouteOfAdministration,route,372467006,Intralymphatic route (qualifier value),,,,C38252,Intralymphatic Route of Administration,2.16.840.1.113883.3.26.1.1,,,
MedicationRequest,FC_RouteOfAdministration,route,447121004,Intramammary route (qualifier value),,,,C79137,Intramammary Route of Administration,2.16.840.1.113883.3.26.1.1,,,
MedicationRequest,FC_RouteOfAdministration,route,60213007,Intramedullary route (qualifier value),,,,C38253,Intramedullary Route of Administration,2.16.840.1.113883.3.26.1.1,,,
MedicationRequest,FC_RouteOfAdministration,route,445767008,Intrameningeal route (qualifier value),,,,C38254,Intrameningeal Route of Administration,2.16.840.1.113883.3.26.1.1,,,
MedicationRequest,FC_RouteOfAdministration,route,78421000,Intramuscular route (qualifier value),,,,C28161,Intramuscular Route of Administration,2.16.840.1.113883.3.26.1.1,,,
MedicationRequest,FC_RouteOfAdministration,route,372468001,Intraocular route (qualifier value),,,,C38255,Intraocular Route of Administration,2.16.840.1.113883.3.26.1.1,,,
MedicationRequest,FC_RouteOfAdministration,route,419631009,Intraovarian route (qualifier value),,,,C38256,Intraovarian Route of Administration,2.16.840.1.113883.3.26.1.1,,,
MedicationRequest,FC_RouteOfAdministration,route,445771006,Intrapericardial route (qualifier value),,,,C38257,Intrapericardial Route of Administration,2.16.840.1.113883.3.26.1.1,,,
MedicationRequest,FC_RouteOfAdministration,route,38239002,Intraperitoneal route (qualifier value),,,,C38258,Intraperitoneal Route of Administration,2.16.840.1.113883.3.26.1.1,,,
MedicationRequest,FC_RouteOfAdministration,route,372469009,Intrapleural route (qualifier value),,,,C38259,Intrapleural Route of Administration,2.16.840.1.113883.3.26.1.1,,,
MedicationRequest,FC_RouteOfAdministration,route,419810008,Intraprostatic route (qualifier value),,,,C38260,Intraprostatic Route of Administration,2.16.840.1.113883.3.26.1.1,,,
MedicationRequest,FC_RouteOfAdministration,route,420201002,Intrapulmonary route (qualifier value),,,,C38261,Intrapulmonary Route of Administration,2.16.840.1.113883.3.26.1.1,,,
MedicationRequest,FC_RouteOfAdministration,route,419231003,Intrasinal route (qualifier value),,,,C38262,Intrasinal Route of Administration,2.16.840.1.113883.3.26.1.1,,,
MedicationRequest,FC_RouteOfAdministration,route,418418000,Intraspinal route (qualifier value),,,,C38263,Intraspinal Route of Administration,2.16.840.1.113883.3.26.1.1,,,
MedicationRequest,FC_RouteOfAdministration,route,418877009,Intrasynovial route (qualifier value),,,,C38264,Intrasynovial Route of Administration,2.16.840.1.113883.3.26.1.1,,,
MedicationRequest,FC_RouteOfAdministration,route,418586008,Intratendinous route (qualifier value),,,,C38265,Intratendinous Route of Administration,2.16.840.1.113883.3.26.1.1,,,
MedicationRequest,FC_RouteOfAdministration,route,418947002,Intratesticular route (qualifier value),,,,C38266,Intratesticular Route of Administration,2.16.840.1.113883.3.26.1.1,,,
MedicationRequest,FC_RouteOfAdministration,route,72607000,Intrathecal route (qualifier value),,,,C38267,Intrathecal Route of Administration,2.16.840.1.113883.3.26.1.1,,,
MedicationRequest,FC_RouteOfAdministration,route,447122006,Intratumor route (qualifier value),,,,C38269,Intratumoral Route of Administration,2.16.840.1.113883.3.26.1.1,,,
MedicationRequest,FC_RouteOfAdministration,route,418091004,Intratympanic route (qualifier value),,,,C38270,Intratympanic Route of Administration,2.16.840.1.113883.3.26.1.1,,,
MedicationRequest,FC_RouteOfAdministration,route,62226000,Intrauterine route (qualifier value),,,,C38272,Intrauterine Route of Administration,2.16.840.1.113883.3.26.1.1,,,
MedicationRequest,FC_RouteOfAdministration,route,445755006,Intravascular route (qualifier value),,,,C38273,Intravascular Route of Administration,2.16.840.1.113883.3.26.1.1,,,
MedicationRequest,FC_RouteOfAdministration,route,47625008,Intravenous route (qualifier value),,,,C38276,Intravenous Route of Administration,2.16.840.1.113883.3.26.1.1,,,
MedicationRequest,FC_RouteOfAdministration,route,420287000,Intraventricular route - cardiac (qualifier value),,,,C38277,Intraventricular Route of Administration,2.16.840.1.113883.3.26.1.1,,,
MedicationRequest,FC_RouteOfAdministration,route,372471009,Intravesical route (qualifier value),,,,C38278,Intravesical Route of Administration,2.16.840.1.113883.3.26.1.1,,,
MedicationRequest,FC_RouteOfAdministration,route,418401004,Intravitreal route (qualifier value),,,,C38280,Intravitreal Route of Administration,2.16.840.1.113883.3.26.1.1,,,
MedicationRequest,FC_RouteOfAdministration,route,420185003,Laryngeal route (qualifier value),,,,C38282,Laryngeal Route of Administration,2.16.840.1.113883.3.26.1.1,,,
MedicationRequest,FC_RouteOfAdministration,route,46713006,Nasal route (qualifier value),,,,C38284,Nasal Route of Administration,2.16.840.1.113883.3.26.1.1,,,
MedicationRequest,FC_RouteOfAdministration,route,127492001,Nasogastric route (qualifier value),,,,C38285,Nasogastric Route of Administration,2.16.840.1.113883.3.26.1.1,,,
MedicationRequest,FC_RouteOfAdministration,route,54485002,Ophthalmic route (qualifier value),,,,C38287,Ophthalmic Route of Administration,2.16.840.1.113883.3.26.1.1,,,
MedicationRequest,FC_RouteOfAdministration,route,26643006,Oral route (qualifier value),,,,C38288,Oral Route of Administration,2.16.840.1.113883.3.26.1.1,,,
MedicationRequest,FC_RouteOfAdministration,route,418664002,Oropharyngeal route (qualifier value),,,,C38289,Oropharyngeal Route of Administration,2.16.840.1.113883.3.26.1.1,,,
MedicationRequest,FC_RouteOfAdministration,route,428191002,Percutaneous route (qualifier value),,,,C38676,Percutaneous Route of Administration,2.16.840.1.113883.3.26.1.1,,,
MedicationRequest,FC_RouteOfAdministration,route,372474001,Periarticular route (qualifier value),,,,C38292,Periarticular Route of Administration,2.16.840.1.113883.3.26.1.1,,,
MedicationRequest,FC_RouteOfAdministration,route,447080003,Peridural route (qualifier value),,,,C38677,Peridural Route of Administration,2.16.840.1.113883.3.26.1.1,,,
MedicationRequest,FC_RouteOfAdministration,route,372475000,Perineural route (qualifier value),,,,C38293,Perineural Route of Administration,2.16.840.1.113883.3.26.1.1,,,
MedicationRequest,FC_RouteOfAdministration,route,447052000,Periodontal route (qualifier value),,,,C38294,Periodontal Route of Administration,2.16.840.1.113883.3.26.1.1,,,
MedicationRequest,FC_RouteOfAdministration,route,37161004,Rectal route (qualifier value),,,,C38295,Rectal Route of Administration,2.16.840.1.113883.3.26.1.1,,,
MedicationRequest,FC_RouteOfAdministration,route,418321004,Retrobulbar route (qualifier value),,,,C38296,Retrobulbar Route of Administration,2.16.840.1.113883.3.26.1.1,,,
MedicationRequest,FC_RouteOfAdministration,route,372476004,Subconjunctival route (qualifier value),,,,C38298,Subconjunctival Route of Administration,2.16.840.1.113883.3.26.1.1,,,
MedicationRequest,FC_RouteOfAdministration,route,34206005,Subcutaneous route (qualifier value),,,,C38299,Subcutaneous Route of Administration,2.16.840.1.113883.3.26.1.1,,,
MedicationRequest,FC_RouteOfAdministration,route,419601003,Subgingival route (qualifier value),,,,C65103,Subgingival Route of Administration,2.16.840.1.113883.3.26.1.1,,,
MedicationRequest,FC_RouteOfAdministration,route,37839007,Sublingual route (qualifier value),,,,C38300,Sublingual Route of Administration,2.16.840.1.113883.3.26.1.1,,,
MedicationRequest,FC_RouteOfAdministration,route,419874009,Submucosal route (qualifier value),,,,C38301,Submucosal Route of Administration,2.16.840.1.113883.3.26.1.1,,,
MedicationRequest,FC_RouteOfAdministration,route,6064005,Topical route (qualifier value),,,,C38304,Topical Route of Administration,2.16.840.1.113883.3.26.1.1,,,
MedicationRequest,FC_RouteOfAdministration,route,45890007,Transdermal route (qualifier value),,,,C38305,Transdermal Route of Administration,2.16.840.1.113883.3.26.1.1,,,
MedicationRequest,FC_RouteOfAdministration,route,446435000,Transendocardial route (qualifier value),,,,C79145,Transendocardial Route of Administration,2.16.840.1.113883.3.26.1.1,,,
MedicationRequest,FC_RouteOfAdministration,route,446442000,Transplacental route (qualifier value),,,,C38307,Transplacental Route of Administration,2.16.840.1.113883.3.26.1.1,,,
MedicationRequest,FC_RouteOfAdministration,route,447229005,Transtracheal route (qualifier value),,,,C38308,Transtracheal Route of Administration,2.16.840.1.113883.3.26.1.1,,,
MedicationRequest,FC_RouteOfAdministration,route,447227007,Transtympanic route (qualifier value),,,,C38309,Transtympanic Route of Administration,2.16.840.1.113883.3.26.1.1,,,
MedicationRequest,FC_RouteOfAdministration,route,419684008,Ureteral route (qualifier value),,,,C38312,Ureteral Route of Administration,2.16.840.1.113883.3.26.1.1,,,
MedicationRequest,FC_RouteOfAdministration,route,16857009,Vaginal route (qualifier value),,,,C38313,Vaginal Route of Administration,2.16.840.1.113883.3.26.1.1,,,
MedicationRequest,FC_RouteOfAdministration,route,<other>,,,,,C38290,Other Route of Administration,2.16.840.1.113883.3.26.1.1,,,
Any,FC_AbsentNull,unknown,,,,,,NI,no information,,Match,,Following US Core
Any,FC_AbsentNull,asked-unknown,,,,,,ASKU,asked but unknown,,match,,
Any,FC_AbsentNull,temp-unknown,,,,,,NAV,temporarily unavailable,,match,,
Any,FC_AbsentNull,not-asked,,,,,,NASK,not asked,,match,,
Any,FC_AbsentNull,asked-declined,,,,,,UNK,unknown,,broader,,NAVU not in CDA. ASKU??
Any,FC_AbsentNull,masked,,,,,,MSK,masked,,match,,
Any,FC_AbsentNull,not-applicable,,,,,,NA,not applicable,,match,,
Any,FC_AbsentNull,unsupported,,,,,,NI,no information,,broader,,
Any,FC_AbsentNull,as-text,,,,,,OTH,other,,broader,,UNC not in CDA; Note
Any,FC_AbsentNull,error,,,,,,NI,no information,,broader,,Broadest
Any,FC_AbsentNull,not-a-number,,,,,,OTH,other,,broader,,
Any,FC_AbsentNull,negative-infinity,,,,,,NINF,negative infinity,,match,,
Any,FC_AbsentNull,positive-infinity,,,,,,PINF,positive infinity,,match,,
Any,FC_AbsentNull,not-performed,,,,,,NASK,not asked,,broader,,
Any,FC_AbsentNull,not-permitted,,,,,,MSK,masked,,broader,,NAVU not in CDA
AllergyIntolerance,FC_AllergyAbsent,code,1003774007,No known Hevea brasiliensis latex allergy (situation) ,,,playingEntity.code,1003752001,Hevea brasiliensis latex protein (substance),,Match,,
AllergyIntolerance,FC_AllergyAbsent,code,409137002,No known drug allergy (situation) ,,,playingEntity.code,410942007,Drug or medicament (substance),,Match,,
AllergyIntolerance,FC_AllergyAbsent,code,428607008,No known environmental allergy (situation) ,,,playingEntity.code,426232007,Environmental allergy (finding),,Broader,,
AllergyIntolerance,FC_AllergyAbsent,code,429625007,No known food allergy (situation) ,,,playingEntity.code,762766007,Edible substance (substance),,Match,,
AllergyIntolerance,FC_AllergyAbsent,code,716186003,No known allergy (situation) ,,,playingEntity.code,260769002,Material (substance),,Broader,,